customer_id,name,email,country,signup_date
1,John Smith,johnsmith@example.com,Germany,2023-03-01
2,Priya Sharma,priyasharma@example.com,UK,2023-04-19
3,Ahmed Khan,ahmedkhan@example.com,UAE,2023-10-07
4,Emily Davis,emilydavis@example.com,Canada,2023-07-14
5,Raj Patel,rajpatel@example.com,UK,2023-11-05
6,Sara Ali,saraali@example.com,India,2023-07-29
7,Michael Brown,michaelbrown@example.com,Canada,2023-10-29
8,Ananya Gupta,ananyagupta@example.com,India,2023-10-07
9,Omar Farouk,omarfarouk@example.com,Canada,2023-03-12
10,David Lee,davidlee@example.com,UAE,2023-06-08
11,Sophia Wong,sophiawong@example.com,USA,2023-05-26
12,Ibrahim Noor,ibrahimnoor@example.com,USA,2023-08-31
13,Fatima Hussain,fatimahussain@example.com,UK,2023-03-26
14,Chris Evans,chrisevans@example.com,USA,2023-09-28
15,Kavya Menon,kavyamenon@example.com,Australia,2023-08-31
16,James Miller,jamesmiller@example.com,USA,2023-10-19
17,Amir Qureshi,amirqureshi@example.com,UK,2023-01-31
18,Nina Rossi,ninarossi@example.com,Canada,2023-10-16
19,Liam Wilson,liamwilson@example.com,UAE,2023-04-27
20,Isabella Garcia,isabellagarcia@example.com,Canada,2023-05-10
21,Ethan Johnson,ethanjohnson@example.com,Canada,2023-10-07
22,Olivia Martinez,oliviamartinez@example.com,UK,2023-08-03
23,William Clark,williamclark@example.com,India,2023-03-30
24,Ava Taylor,avataylor@example.com,UAE,2023-10-20
25,Mia Rodriguez,miarodriguez@example.com,Australia,2023-01-03
